{
   "Alignment" : null,
   "Point" : null,
   "actors" : [
      {
         "Alignment" : [ 0, 4 ],
         "Alpha" : 1.0,
         "Angle" : 0.0,
         "Colour" : 4294967295,
         "Flip" : 0,
         "Position" : [ 0.0, 0.0 ],
         "Scale" : [ 0.9761261343955994, 0.9045045375823975 ],
         "Shown" : true,
         "sprite" : "day_of_the_undead_flame",
         "type" : 1,
         "uid" : 1
      }
   ],
   "customvariables" : null,
   "labels" : null,
   "stageOptions" : {
      "SpriteInfo" : [
         {
            "SpriteInfo" : "day_of_the_undead_flame",
            "Texture" : "day_of_the_undead"
         }
      ],
      "StageLength" : 0.1987847387790680,
      "Version" : 1
   },
   "timelines" : [
      {
         "spriteuid" : 1,
         "stage" : [
            {
               "Alignment" : [ 0, 4 ],
               "Alpha" : 1.0,
               "Angle" : 0.0,
               "Colour" : 4294967295,
               "Flip" : 0,
               "Position" : [ 0.0, 0.0 ],
               "Scale" : [ 0.9504032135009766, 0.8016129136085510 ],
               "Shown" : true,
               "Time" : 0.1467013955116272
            },
            {
               "Alignment" : [ 0, 4 ],
               "Alpha" : 1.0,
               "Angle" : 0.0,
               "Colour" : 4294967295,
               "Flip" : 0,
               "Position" : [ 0.0, 0.0 ],
               "Scale" : [ 1.0, 1.0 ],
               "Shown" : true,
               "Time" : 0.05121527612209320
            },
            {
               "Alignment" : [ 0, 4 ],
               "Alpha" : 1.0,
               "Angle" : 0.0,
               "Colour" : 4294967295,
               "Flip" : 0,
               "Position" : [ 0.0, 0.0 ],
               "Scale" : [ 0.9761261343955994, 0.9045045375823975 ],
               "Shown" : true,
               "Time" : 0.0
            },
            {
               "Alignment" : [ 0, 4 ],
               "Alpha" : 1.0,
               "Angle" : 0.0,
               "Colour" : 4294967295,
               "Flip" : 0,
               "Position" : [ 0.0, 0.0 ],
               "Scale" : [ 0.9748397469520569, 0.8993589878082275 ],
               "Shown" : true,
               "Time" : 0.1987847387790680
            }
         ]
      }
   ]
}
