{
   "Alignment" : null,
   "Point" : null,
   "actors" : [
      {
         "Alignment" : [ 0, 0 ],
         "Alpha" : 1.0,
         "Angle" : 0.0,
         "Colour" : 4294967295,
         "Flip" : 0,
         "Position" : [ 0.0, 0.0 ],
         "Scale" : [ 1.0, 1.0 ],
         "Shown" : false,
         "sprite" : "_kiwi_agent_shockwave_standard.json",
         "type" : 1,
         "uid" : 3
      }
   ],
   "customvariables" : null,
   "labels" : null,
   "stageOptions" : {
      "SpriteInfo" : [
         {
            "SpriteInfo" : "_kiwi_agent_shockwave_standard.json",
            "Texture" : "InGame"
         }
      ],
      "StageLength" : 0.7213541865348816,
      "Version" : 1
   },
   "timelines" : [
      {
         "spriteuid" : 3,
         "stage" : [
            {
               "Alignment" : [ 0, 0 ],
               "Alpha" : 1.0,
               "Angle" : 0.0,
               "Colour" : 4294967295,
               "Flip" : 0,
               "Position" : [ 0.0, 0.0 ],
               "Scale" : [ 1.0, 1.0 ],
               "Shown" : false,
               "Time" : 0.0
            },
            {
               "Alignment" : [ 0, 0 ],
               "Alpha" : 0.0,
               "Angle" : 0.0,
               "Colour" : 16777215,
               "Flip" : 0,
               "Position" : [ 0.0, 0.0 ],
               "Scale" : [ 0.1318476498126984, 0.1318476498126984 ],
               "Shown" : true,
               "Time" : 0.006944444496184588
            },
            {
               "Alignment" : [ 0, 0 ],
               "Alpha" : 0.0,
               "Angle" : 0.0,
               "Colour" : 16777215,
               "Flip" : 0,
               "Position" : [ 0.0, 0.0 ],
               "Scale" : [ 1.299999952316284, 1.299999952316284 ],
               "Shown" : true,
               "Time" : 0.7213541865348816
            },
            {
               "Alignment" : [ 0, 0 ],
               "Alpha" : 1.0,
               "Angle" : 0.0,
               "Colour" : 4294967295,
               "Flip" : 0,
               "Position" : [ 0.0, 0.0 ],
               "Scale" : [ 1.004285693168640, 1.004285693168640 ],
               "Shown" : true,
               "Time" : 0.3810763657093048
            }
         ]
      }
   ]
}
